{"epoch": 1, "val_accuracy": 0.9502388535031847, "train_accuracy": 0.9099147121535182, "best_accuracy": 0.9502388535031847, "best_epoch": 1, "val_loss": 0.16213186407924457, "train_loss": 0.3157748569414687}
{"epoch": 2, "val_accuracy": 0.9627786624203821, "train_accuracy": 0.9643523454157783, "best_accuracy": 0.9627786624203821, "best_epoch": 2, "val_loss": 0.11946951293617866, "train_loss": 0.1197060907422416}
{"epoch": 3, "val_accuracy": 0.9679538216560509, "train_accuracy": 0.9779117803837953, "best_accuracy": 0.9679538216560509, "best_epoch": 3, "val_loss": 0.10195200737998791, "train_loss": 0.07558656204591142}
{"epoch": 4, "val_accuracy": 0.9682523885350318, "train_accuracy": 0.9854077825159915, "best_accuracy": 0.9682523885350318, "best_epoch": 4, "val_loss": 0.1011675441842289, "train_loss": 0.050856656388445165}
{"epoch": 5, "val_accuracy": 0.9692476114649682, "train_accuracy": 0.9921875, "best_accuracy": 0.9692476114649682, "best_epoch": 5, "val_loss": 0.09971777324796102, "train_loss": 0.03266161336908057}
{"epoch": 6, "val_accuracy": 0.9731289808917197, "train_accuracy": 0.9958688699360341, "best_accuracy": 0.9731289808917197, "best_epoch": 6, "val_loss": 0.08795426588039845, "train_loss": 0.02064815310955937}
{"epoch": 7, "val_accuracy": 0.9728304140127388, "train_accuracy": 0.9978844616204691, "best_accuracy": 0.9731289808917197, "best_epoch": 6, "val_loss": 0.08803977402335679, "train_loss": 0.013824701441877854}
{"epoch": 8, "val_accuracy": 0.9766122611464968, "train_accuracy": 0.9991837686567164, "best_accuracy": 0.9766122611464968, "best_epoch": 8, "val_loss": 0.07775444542665841, "train_loss": 0.008609501286476815}
{"epoch": 9, "val_accuracy": 0.9757165605095541, "train_accuracy": 0.9997834488272921, "best_accuracy": 0.9766122611464968, "best_epoch": 8, "val_loss": 0.07951101378310074, "train_loss": 0.005554364300888977}
{"epoch": 10, "val_accuracy": 0.9776074840764332, "train_accuracy": 0.999983342217484, "best_accuracy": 0.9776074840764332, "best_epoch": 10, "val_loss": 0.07854925788743243, "train_loss": 0.003825589990814719}
{"training time": 119.22605538368225}
