{"epoch": 1, "val_accuracy": 0.9304339171974523, "train_accuracy": 0.8824960021321961, "best_accuracy": 0.9304339171974523, "best_epoch": 1, "val_loss": 0.23629726429179215, "train_loss": 0.40967250020821083}
{"epoch": 2, "val_accuracy": 0.9516321656050956, "train_accuracy": 0.943246934968017, "best_accuracy": 0.9516321656050956, "best_epoch": 2, "val_loss": 0.15837780138400567, "train_loss": 0.19941543798937378}
{"epoch": 3, "val_accuracy": 0.9612858280254777, "train_accuracy": 0.9603211620469083, "best_accuracy": 0.9612858280254777, "best_epoch": 3, "val_loss": 0.12808872737171378, "train_loss": 0.1366852567727759}
{"epoch": 4, "val_accuracy": 0.9651671974522293, "train_accuracy": 0.970682302771855, "best_accuracy": 0.9651671974522293, "best_epoch": 4, "val_loss": 0.11425462434554745, "train_loss": 0.10343640577296284}
{"epoch": 5, "val_accuracy": 0.9675557324840764, "train_accuracy": 0.9771288646055437, "best_accuracy": 0.9675557324840764, "best_epoch": 5, "val_loss": 0.10692955079417273, "train_loss": 0.0823511444836426}
{"epoch": 6, "val_accuracy": 0.9692476114649682, "train_accuracy": 0.9816930970149254, "best_accuracy": 0.9692476114649682, "best_epoch": 6, "val_loss": 0.10184539195482328, "train_loss": 0.06795521399978278}
{"epoch": 7, "val_accuracy": 0.9705414012738853, "train_accuracy": 0.9850912846481876, "best_accuracy": 0.9705414012738853, "best_epoch": 7, "val_loss": 0.09796503894950506, "train_loss": 0.05777527740126404}
{"epoch": 8, "val_accuracy": 0.9712380573248408, "train_accuracy": 0.9877065565031983, "best_accuracy": 0.9712380573248408, "best_epoch": 8, "val_loss": 0.09455588659320537, "train_loss": 0.05027814376538298}
{"epoch": 9, "val_accuracy": 0.9727308917197452, "train_accuracy": 0.9894556236673774, "best_accuracy": 0.9727308917197452, "best_epoch": 9, "val_loss": 0.09193966635814305, "train_loss": 0.044611490588374075}
{"epoch": 10, "val_accuracy": 0.972531847133758, "train_accuracy": 0.9907382729211087, "best_accuracy": 0.9727308917197452, "best_epoch": 9, "val_loss": 0.09003909373882814, "train_loss": 0.04027606551818399}
{"epoch": 11, "val_accuracy": 0.9726313694267515, "train_accuracy": 0.9915545042643923, "best_accuracy": 0.9727308917197452, "best_epoch": 9, "val_loss": 0.08859873248359106, "train_loss": 0.03692606274685912}
{"epoch": 12, "val_accuracy": 0.9731289808917197, "train_accuracy": 0.9925706289978679, "best_accuracy": 0.9731289808917197, "best_epoch": 12, "val_loss": 0.08748564170413965, "train_loss": 0.03432023950141551}
{"epoch": 13, "val_accuracy": 0.9734275477707006, "train_accuracy": 0.9934035181236673, "best_accuracy": 0.9734275477707006, "best_epoch": 13, "val_loss": 0.08663017996386654, "train_loss": 0.032285276404420624}
{"epoch": 14, "val_accuracy": 0.9736265923566879, "train_accuracy": 0.9939199093816631, "best_accuracy": 0.9736265923566879, "best_epoch": 14, "val_loss": 0.08597068925767064, "train_loss": 0.03069262574845081}
{"epoch": 15, "val_accuracy": 0.9734275477707006, "train_accuracy": 0.994319696162047, "best_accuracy": 0.9736265923566879, "best_epoch": 14, "val_loss": 0.08545618944958588, "train_loss": 0.029440471823245332}
{"training time": 169.5638403892517}
