{"epoch": 1, "val_accuracy": 0.9361066878980892, "train_accuracy": 0.8899586886993603, "best_accuracy": 0.9361066878980892, "best_epoch": 1, "val_loss": 0.2239689221961578, "train_loss": 0.3875409048169788}
{"epoch": 2, "val_accuracy": 0.9565087579617835, "train_accuracy": 0.9463952558635395, "best_accuracy": 0.9565087579617835, "best_epoch": 2, "val_loss": 0.15417929523132123, "train_loss": 0.18769387093021164}
{"epoch": 3, "val_accuracy": 0.9589968152866242, "train_accuracy": 0.9634361673773987, "best_accuracy": 0.9589968152866242, "best_epoch": 3, "val_loss": 0.1362637116567819, "train_loss": 0.12954177217546112}
{"epoch": 4, "val_accuracy": 0.9691480891719745, "train_accuracy": 0.9724147121535182, "best_accuracy": 0.9691480891719745, "best_epoch": 4, "val_loss": 0.10713207889733847, "train_loss": 0.0986329438760559}
{"epoch": 5, "val_accuracy": 0.9700437898089171, "train_accuracy": 0.978461487206823, "best_accuracy": 0.9700437898089171, "best_epoch": 5, "val_loss": 0.09957111310021015, "train_loss": 0.07835035175799943}
{"epoch": 6, "val_accuracy": 0.9701433121019108, "train_accuracy": 0.9822761194029851, "best_accuracy": 0.9701433121019108, "best_epoch": 6, "val_loss": 0.09654057216622931, "train_loss": 0.06483818516174931}
{"epoch": 7, "val_accuracy": 0.971437101910828, "train_accuracy": 0.9855743603411514, "best_accuracy": 0.971437101910828, "best_epoch": 7, "val_loss": 0.09299261158014867, "train_loss": 0.0551097767759186}
{"epoch": 8, "val_accuracy": 0.9718351910828026, "train_accuracy": 0.9881896321961621, "best_accuracy": 0.9718351910828026, "best_epoch": 8, "val_loss": 0.08954711505367605, "train_loss": 0.047663507467783146}
{"epoch": 9, "val_accuracy": 0.9731289808917197, "train_accuracy": 0.9899220415778252, "best_accuracy": 0.9731289808917197, "best_epoch": 9, "val_loss": 0.08756172331902762, "train_loss": 0.04192654360909817}
{"epoch": 10, "val_accuracy": 0.9731289808917197, "train_accuracy": 0.9917377398720683, "best_accuracy": 0.9731289808917197, "best_epoch": 9, "val_loss": 0.08608001615528824, "train_loss": 0.037686735149602024}
{"training time": 91.42149329185486}
