{"epoch": 1, "val_accuracy": 0.9296377388535032, "train_accuracy": 0.8811300639658849, "best_accuracy": 0.9296377388535032, "best_epoch": 1, "val_loss": 0.22359230611354683, "train_loss": 0.3843782627845862}
{"epoch": 2, "val_accuracy": 0.9434713375796179, "train_accuracy": 0.9467117537313433, "best_accuracy": 0.9434713375796179, "best_epoch": 2, "val_loss": 0.18078073263791195, "train_loss": 0.17533611793464213}
{"epoch": 3, "val_accuracy": 0.9564092356687898, "train_accuracy": 0.9651019456289979, "best_accuracy": 0.9564092356687898, "best_epoch": 3, "val_loss": 0.14747457528059746, "train_loss": 0.11959458057081569}
{"epoch": 4, "val_accuracy": 0.9632762738853503, "train_accuracy": 0.9751132729211087, "best_accuracy": 0.9632762738853503, "best_epoch": 4, "val_loss": 0.12421123446914469, "train_loss": 0.08563139203634025}
{"epoch": 5, "val_accuracy": 0.9652667197452229, "train_accuracy": 0.9822594616204691, "best_accuracy": 0.9652667197452229, "best_epoch": 5, "val_loss": 0.11570475893065475, "train_loss": 0.06429934566247283}
{"epoch": 6, "val_accuracy": 0.9654657643312102, "train_accuracy": 0.9867070895522388, "best_accuracy": 0.9654657643312102, "best_epoch": 6, "val_loss": 0.11204096969683465, "train_loss": 0.04896620187477997}
{"epoch": 7, "val_accuracy": 0.964968152866242, "train_accuracy": 0.9910547707889126, "best_accuracy": 0.9654657643312102, "best_epoch": 6, "val_loss": 0.11373850142962899, "train_loss": 0.03689299875335184}
{"epoch": 8, "val_accuracy": 0.9661624203821656, "train_accuracy": 0.9938199626865671, "best_accuracy": 0.9661624203821656, "best_epoch": 8, "val_loss": 0.11252812033754205, "train_loss": 0.028519752795740004}
{"epoch": 9, "val_accuracy": 0.9686504777070064, "train_accuracy": 0.9957689232409381, "best_accuracy": 0.9686504777070064, "best_epoch": 9, "val_loss": 0.10789837013888558, "train_loss": 0.022811250015869856}
{"epoch": 10, "val_accuracy": 0.9694466560509554, "train_accuracy": 0.9968183635394456, "best_accuracy": 0.9694466560509554, "best_epoch": 10, "val_loss": 0.10504537539866754, "train_loss": 0.018655586654405}
{"epoch": 11, "val_accuracy": 0.9701433121019108, "train_accuracy": 0.997934434968017, "best_accuracy": 0.9701433121019108, "best_epoch": 11, "val_loss": 0.10375153054059653, "train_loss": 0.01562111112200392}
{"epoch": 12, "val_accuracy": 0.9707404458598726, "train_accuracy": 0.9985840884861408, "best_accuracy": 0.9707404458598726, "best_epoch": 12, "val_loss": 0.10247162765028789, "train_loss": 0.01335465698903213}
{"epoch": 13, "val_accuracy": 0.971437101910828, "train_accuracy": 0.9988839285714286, "best_accuracy": 0.971437101910828, "best_epoch": 13, "val_loss": 0.10103257634038562, "train_loss": 0.01166584354731987}
{"epoch": 14, "val_accuracy": 0.9723328025477707, "train_accuracy": 0.9991671108742004, "best_accuracy": 0.9723328025477707, "best_epoch": 14, "val_loss": 0.0997214125654748, "train_loss": 0.010400276914212123}
{"epoch": 15, "val_accuracy": 0.9727308917197452, "train_accuracy": 0.9993836620469083, "best_accuracy": 0.9727308917197452, "best_epoch": 15, "val_loss": 0.09857609748617326, "train_loss": 0.009441690461864985}
{"training time": 150.75917291641235}
