{"epoch": 1, "val_accuracy": 0.9224721337579618, "train_accuracy": 0.8503131663113006, "best_accuracy": 0.9224721337579618, "best_epoch": 1, "val_loss": 0.2500308777804777, "train_loss": 0.5286591440629858}
{"epoch": 2, "val_accuracy": 0.9366042993630573, "train_accuracy": 0.9313865938166311, "best_accuracy": 0.9366042993630573, "best_epoch": 2, "val_loss": 0.20527721135313534, "train_loss": 0.22868225548757928}
{"epoch": 3, "val_accuracy": 0.9528264331210191, "train_accuracy": 0.9489938699360341, "best_accuracy": 0.9528264331210191, "best_epoch": 3, "val_loss": 0.15880215478242393, "train_loss": 0.17199643795837216}
{"epoch": 4, "val_accuracy": 0.9586982484076433, "train_accuracy": 0.9583555437100213, "best_accuracy": 0.9586982484076433, "best_epoch": 4, "val_loss": 0.13913562795248144, "train_loss": 0.14103472186649627}
{"epoch": 5, "val_accuracy": 0.964171974522293, "train_accuracy": 0.9644689498933902, "best_accuracy": 0.964171974522293, "best_epoch": 5, "val_loss": 0.11945090828846049, "train_loss": 0.12027423617157981}
{"epoch": 6, "val_accuracy": 0.9684514331210191, "train_accuracy": 0.9689998667377399, "best_accuracy": 0.9684514331210191, "best_epoch": 6, "val_loss": 0.10445096736898421, "train_loss": 0.10344163713448529}
{"epoch": 7, "val_accuracy": 0.9702428343949044, "train_accuracy": 0.9731476545842217, "best_accuracy": 0.9702428343949044, "best_epoch": 7, "val_loss": 0.09768006336729926, "train_loss": 0.09089744242895116}
{"epoch": 8, "val_accuracy": 0.9711385350318471, "train_accuracy": 0.9756296641791045, "best_accuracy": 0.9711385350318471, "best_epoch": 8, "val_loss": 0.09436387901571075, "train_loss": 0.08157070516980985}
{"epoch": 9, "val_accuracy": 0.9703423566878981, "train_accuracy": 0.9777618603411514, "best_accuracy": 0.9711385350318471, "best_epoch": 8, "val_loss": 0.0922066718992439, "train_loss": 0.07415622271084066}
{"epoch": 10, "val_accuracy": 0.9709394904458599, "train_accuracy": 0.9796941631130064, "best_accuracy": 0.9711385350318471, "best_epoch": 8, "val_loss": 0.091027498580026, "train_loss": 0.06817518937776783}
{"epoch": 11, "val_accuracy": 0.9713375796178344, "train_accuracy": 0.9814432302771855, "best_accuracy": 0.9713375796178344, "best_epoch": 11, "val_loss": 0.08937792409104621, "train_loss": 0.06345272564124674}
{"epoch": 12, "val_accuracy": 0.9716361464968153, "train_accuracy": 0.9828258262260128, "best_accuracy": 0.9716361464968153, "best_epoch": 12, "val_loss": 0.08705989743811286, "train_loss": 0.059725385580235706}
{"epoch": 13, "val_accuracy": 0.972531847133758, "train_accuracy": 0.9838586087420043, "best_accuracy": 0.972531847133758, "best_epoch": 13, "val_loss": 0.08473982116145194, "train_loss": 0.05674192761885189}
{"epoch": 14, "val_accuracy": 0.9736265923566879, "train_accuracy": 0.9847581289978679, "best_accuracy": 0.9736265923566879, "best_epoch": 14, "val_loss": 0.08271714260691931, "train_loss": 0.05435955761966588}
{"epoch": 15, "val_accuracy": 0.9745222929936306, "train_accuracy": 0.9855077292110874, "best_accuracy": 0.9745222929936306, "best_epoch": 15, "val_loss": 0.08101028385260706, "train_loss": 0.05246911786431109}
{"training time": 142.81369805335999}
